{"cameraMode":{"drawMode":0,"name":"Shaded","section":"Shading Mode"},"sceneLighting":false,"audioPlay":false,"sceneViewState":{"m_AlwaysRefresh":false,"showFog":true,"showSkybox":false,"showFlares":true,"showImageEffects":true,"showParticleSystems":true,"showVisualEffectGraphs":true,"m_FxEnabled":true},"in2DMode":false,"pivot":{"x":-0.03400003910064697,"y":24.799848556518556,"z":3.499000072479248},"rotation":{"x":-0.013474039733409882,"y":0.9740617871284485,"z":-0.06028323620557785,"w":-0.21771615743637086},"size":2.0784616470336916,"orthographic":false}